{
    "BB2Stereo": {
        "fx": 822.79041,
        "fy": 822.79041,
        "tx": 318.47345,
        "ty": 250.31296,
        "baseline": 120.054
    },
    "IRSF200": {
        "color": {
            "fx": 607.92271,
            "fy": 607.88192,
            "tx": 314.78337,
            "ty": 236.42484
        },
        "depth": {
            "fx": 475.62768,
            "fy": 474.77709,
            "tx": 336.41179,
            "ty": 238.77963
        },
        "rot": [0.00531, -0.01196, 0.00301],
        "trans": [-24.0381, -0.4563, -1.2326]
    }
}
